-- --------------------------------------------------------
-- Host:                         localhost
-- Versión del servidor:         5.7.24 - MySQL Community Server (GPL)
-- SO del servidor:              Win64
-- HeidiSQL Versión:             10.2.0.5599
-- --------------------------------------------------------

/*!40101 SET @OLD_CHARACTER_SET_CLIENT=@@CHARACTER_SET_CLIENT */;
/*!40101 SET NAMES utf8 */;
/*!50503 SET NAMES utf8mb4 */;
/*!40014 SET @OLD_FOREIGN_KEY_CHECKS=@@FOREIGN_KEY_CHECKS, FOREIGN_KEY_CHECKS=0 */;
/*!40101 SET @OLD_SQL_MODE=@@SQL_MODE, SQL_MODE='NO_AUTO_VALUE_ON_ZERO' */;

-- Volcando datos para la tabla planificacion.anyos: ~2 rows (aproximadamente)
/*!40000 ALTER TABLE `anyos` DISABLE KEYS */;
REPLACE INTO `anyos` (`id`, `semestre`, `anyo`, `created_at`, `updated_at`) VALUES
	(1, 'I Semestre', 2020, '2020-03-04 03:38:54', '2020-03-04 03:38:54'),
	(2, 'II Semestre', 2020, '2020-02-01 02:08:57', '2020-02-01 02:08:57'),
	(3, 'I Semestre', 2021, '2020-03-04 04:09:17', '2020-03-04 04:09:17'),
	(4, 'II Semestre', 2021, '2020-03-28 20:24:26', '2020-03-28 20:24:26');
/*!40000 ALTER TABLE `anyos` ENABLE KEYS */;

-- Volcando datos para la tabla planificacion.aulas: ~15 rows (aproximadamente)
/*!40000 ALTER TABLE `aulas` DISABLE KEYS */;
REPLACE INTO `aulas` (`id`, `nombre`, `tipo`, `capacidad`, `created_at`, `updated_at`) VALUES
	(1, 'B2-JORGE ARGÜELLO', 'T', 45, NULL, NULL),
	(2, 'B4-JORGE ARGÜELLO', 'T', 45, NULL, NULL),
	(3, 'C2', 'T', 45, NULL, NULL),
	(4, 'C3', 'T', 45, NULL, NULL),
	(5, 'C4', 'T', 45, NULL, NULL),
	(6, 'C5', 'T', 45, NULL, NULL),
	(7, 'C9', 'T', 45, NULL, NULL),
	(8, 'LAB 1', 'P', 20, NULL, NULL),
	(9, 'LAB 2', 'P', 20, NULL, NULL),
	(10, 'LAB HARDWARE', 'P', 20, NULL, NULL),
	(11, 'LAB CISCO', 'P', 20, NULL, NULL),
	(12, 'LAB ACAILA', 'P', 20, NULL, NULL),
	(13, 'LAB ALCALA 1', 'P', 20, NULL, NULL),
	(14, 'LAB ALCALA 2', 'P', 20, NULL, NULL),
	(15, 'A4-EDIFICIO MARIANO FIALLOS', 'T', 45, NULL, NULL);
/*!40000 ALTER TABLE `aulas` ENABLE KEYS */;

-- Volcando datos para la tabla planificacion.componentes: ~85 rows (aproximadamente)
/*!40000 ALTER TABLE `componentes` DISABLE KEYS */;
REPLACE INTO `componentes` (`id`, `carrera`, `nombrecarrera`, `anyo`, `ciclo`, `componente`, `modalidad`, `horasteoricas`, `horaspracticas`, `asignar`, `created_at`, `updated_at`) VALUES
	(1, 'IS', 'INGENIERIA EN SISTEMAS DE INFORMACION', 1, 2, 'CALCULO I', 'PRESENCIAL', 4, 0, 0, NULL, NULL),
	(2, 'IS', 'INGENIERIA EN SISTEMAS DE INFORMACION', 1, 2, 'EDUCACION AMBIENTAL', 'PRESENCIAL', 4, 0, 0, NULL, NULL),
	(3, 'IS', 'INGENIERIA EN SISTEMAS DE INFORMACION', 1, 2, 'ELECTIVA DE ACTIVIDAD ESTUDIANTIL II', 'PRESENCIAL', 2, 0, 0, NULL, NULL),
	(4, 'IS', 'INGENIERIA EN SISTEMAS DE INFORMACION', 1, 2, 'FUNDAMENTOS DE INFORMATICA', 'PRESENCIAL', 4, 0, 0, NULL, NULL),
	(5, 'IS', 'INGENIERIA EN SISTEMAS DE INFORMACION', 1, 2, 'INGLES APLICADO I', 'PRESENCIAL', 2, 0, 0, NULL, NULL),
	(6, 'IS', 'INGENIERIA EN SISTEMAS DE INFORMACION', 1, 2, 'LABORATORIO DE LOGICA DE PROGRAMACION', 'PRESENCIAL', 0, 2, 0, NULL, NULL),
	(7, 'IS', 'INGENIERIA EN SISTEMAS DE INFORMACION', 1, 2, 'LOGICA DE PROGRAMACION', 'PRESENCIAL', 4, 0, 0, NULL, NULL),
	(8, 'IS', 'INGENIERIA EN SISTEMAS DE INFORMACION', 1, 2, 'OFIMATICA APLICADA', 'PRESENCIAL', 0, 2, 0, NULL, NULL),
	(9, 'IS', 'INGENIERIA EN SISTEMAS DE INFORMACION', 2, 2, 'ALGEBRA LINEAL', 'PRESENCIAL', 4, 0, 0, NULL, NULL),
	(10, 'IS', 'INGENIERIA EN SISTEMAS DE INFORMACION', 2, 2, 'ALGORITMOS Y ESTRUCTURAS DE DATOS', 'PRESENCIAL', 4, 0, 0, NULL, NULL),
	(11, 'IS', 'INGENIERIA EN SISTEMAS DE INFORMACION', 2, 2, 'APLICACIONES DE ESTRUCTURAS DE DATOS', 'PRESENCIAL', 0, 4, 0, NULL, NULL),
	(12, 'IS', 'INGENIERIA EN SISTEMAS DE INFORMACION', 2, 2, 'CIRCUITOS LOGICOS', 'PRESENCIAL', 2, 2, 0, NULL, NULL),
	(13, 'IS', 'INGENIERIA EN SISTEMAS DE INFORMACION', 2, 2, 'ELECTIVA FEI: DISEÑO DE PAGINA WEB', 'PRESENCIAL', 0, 4, 0, NULL, NULL),
	(14, 'IS', 'INGENIERIA EN SISTEMAS DE INFORMACION', 2, 2, 'ELECTIVA FEI: TOPICOS AVANZADOS DE OFIMATICA', 'PRESENCIAL', 0, 4, 0, NULL, NULL),
	(15, 'IS', 'INGENIERIA EN SISTEMAS DE INFORMACION', 2, 2, 'INGLES APLICADO III', 'PRESENCIAL', 2, 0, 0, NULL, NULL),
	(16, 'IS', 'INGENIERIA EN SISTEMAS DE INFORMACION', 2, 2, 'INVESTIGACION I', 'PRESENCIAL', 2, 0, 0, NULL, NULL),
	(17, 'IS', 'INGENIERIA EN SISTEMAS DE INFORMACION', 3, 2, 'ELECTIVA III:CONTABILIDAD DE COSTO I', 'PRESENCIAL', 4, 0, 0, NULL, NULL),
	(18, 'IS', 'INGENIERIA EN SISTEMAS DE INFORMACION', 3, 2, 'ELECTIVA III:ESTADISTICA INTRODUCTORIA', 'PRESENCIAL', 4, 0, 0, NULL, NULL),
	(19, 'IS', 'INGENIERIA EN SISTEMAS DE INFORMACION', 3, 2, 'INFRAESTRUCTURA TIC II', 'PRESENCIAL', 0, 4, 0, NULL, NULL),
	(20, 'IS', 'INGENIERIA EN SISTEMAS DE INFORMACION', 3, 2, 'INTRODUCCION A LAS ESTRUCTURAS DE BASES DE DATOS', 'PRESENCIAL', 2, 0, 0, NULL, NULL),
	(21, 'IS', 'INGENIERIA EN SISTEMAS DE INFORMACION', 3, 2, 'INVESTIGACION II', 'PRESENCIAL', 2, 0, 0, NULL, NULL),
	(22, 'IS', 'INGENIERIA EN SISTEMAS DE INFORMACION', 3, 2, 'PROGRAMACION VISUAL I', 'PRESENCIAL', 2, 4, 0, NULL, NULL),
	(23, 'IS', 'INGENIERIA EN SISTEMAS DE INFORMACION', 3, 2, 'SISTEMAS GESTORES DE BASES DE DATOS II', 'PRESENCIAL', 0, 4, 0, NULL, NULL),
	(24, 'IS', 'INGENIERIA EN SISTEMAS DE INFORMACION', 3, 2, 'SISTEMAS OPERATIVOS', 'PRESENCIAL', 4, 2, 0, NULL, NULL),
	(25, 'IS', 'INGENIERIA EN SISTEMAS DE INFORMACION', 4, 2, 'ADMINISTRACION DE SERVICIOS DE REDES I', 'PRESENCIAL', 2, 2, 0, NULL, NULL),
	(26, 'IS', 'INGENIERIA EN SISTEMAS DE INFORMACION', 4, 2, 'ANALISIS Y DISEÑO DE SISTEMAS DE INFORMACION', 'PRESENCIAL', 2, 2, 0, NULL, NULL),
	(27, 'IS', 'INGENIERIA EN SISTEMAS DE INFORMACION', 4, 2, 'ELECTIVA VI: DIRECCION DE RRHH', 'PRESENCIAL', 4, 0, 0, NULL, NULL),
	(28, 'IS', 'INGENIERIA EN SISTEMAS DE INFORMACION', 4, 2, 'ELECTIVA VII:CALCULO DE PROBABILIDAD', 'PRESENCIAL', 4, 0, 0, NULL, NULL),
	(29, 'IS', 'INGENIERIA EN SISTEMAS DE INFORMACION', 4, 2, 'ELECTIVA VII: PROCESOS ALEATORIOS', 'PRESENCIAL', 4, 0, 0, NULL, NULL),
	(30, 'IS', 'INGENIERIA EN SISTEMAS DE INFORMACION', 4, 2, 'ELECTIVA VI: MERCADOTECNIA I', 'PRESENCIAL', 4, 0, 0, NULL, NULL),
	(31, 'IS', 'INGENIERIA EN SISTEMAS DE INFORMACION', 4, 2, 'FORMULACION DE PROYECTOS', 'PRESENCIAL', 2, 0, 0, NULL, NULL),
	(32, 'IS', 'INGENIERIA EN SISTEMAS DE INFORMACION', 4, 2, 'PROGRAMACION ORIENTADA A LA WEB II', 'PRESENCIAL', 2, 2, 0, NULL, NULL),
	(33, 'IS', 'INGENIERIA EN SISTEMAS DE INFORMACION', 4, 2, 'SISTEMAS DE INFORMACION GEOGRAFICA', 'PRESENCIAL', 0, 4, 0, NULL, NULL),
	(34, 'IS', 'INGENIERIA EN SISTEMAS DE INFORMACION', 5, 2, 'ELECTIVA IX:INTRODUCCION A LOS CMS', 'PRESENCIAL', 0, 4, 0, NULL, NULL),
	(35, 'IS', 'INGENIERIA EN SISTEMAS DE INFORMACION', 5, 2, 'ELECTIVA IX: VALIDACION DE APLICACIONES BAJO FILOSOFIA OWASP', 'PRESENCIAL', 0, 4, 0, NULL, NULL),
	(36, 'IS', 'INGENIERIA EN SISTEMAS DE INFORMACION', 5, 2, 'PATRONES DE DISEÑO', 'PRESENCIAL', 4, 0, 0, NULL, NULL),
	(37, 'IS', 'INGENIERIA EN SISTEMAS DE INFORMACION', 5, 2, 'PRACTICAS PROFESIONALES', 'PRESENCIAL', 4, 0, 0, NULL, NULL),
	(38, 'IS', 'INGENIERIA EN SISTEMAS DE INFORMACION', 5, 2, 'PROYECTO INTEGRADOR II', 'PRESENCIAL', 2, 0, 0, NULL, NULL),
	(39, 'IT', 'INGENIERIA EN TELEMATICA', 1, 2, 'CALCULO I', 'PRESENCIAL', 4, 0, 0, NULL, NULL),
	(40, 'IT', 'INGENIERIA EN TELEMATICA', 1, 2, 'EDUCACION AMBIENTAL', 'PRESENCIAL', 4, 0, 0, NULL, NULL),
	(41, 'IT', 'INGENIERIA EN TELEMATICA', 1, 2, 'ELECTIVA DE ACTIVIDAD ESTUDIANTIL II', 'PRESENCIAL', 2, 0, 0, NULL, NULL),
	(42, 'IT', 'INGENIERIA EN TELEMATICA', 1, 2, 'FUNDAMENTOS DE INFORMATICA', 'PRESENCIAL', 4, 0, 0, NULL, NULL),
	(43, 'IT', 'INGENIERIA EN TELEMATICA', 1, 2, 'INGLES APLICADO I', 'PRESENCIAL', 2, 0, 0, NULL, NULL),
	(44, 'IT', 'INGENIERIA EN TELEMATICA', 1, 2, 'LABORATORIO DE LOGICA DE PROGRAMACION', 'PRESENCIAL', 0, 2, 0, NULL, NULL),
	(45, 'IT', 'INGENIERIA EN TELEMATICA', 1, 2, 'LOGICA DE PROGRAMACION', 'PRESENCIAL', 4, 0, 0, NULL, NULL),
	(46, 'IT', 'INGENIERIA EN TELEMATICA', 1, 2, 'OFIMATICA APLICADA', 'PRESENCIAL', 0, 2, 0, NULL, NULL),
	(47, 'IT', 'INGENIERIA EN TELEMATICA', 2, 2, 'ALGEBRA LINEAL', 'PRESENCIAL', 4, 0, 0, NULL, NULL),
	(48, 'IT', 'INGENIERIA EN TELEMATICA', 2, 2, 'ALGORITMOS Y ESTRUCTURAS DE DATOS', 'PRESENCIAL', 4, 0, 0, NULL, NULL),
	(49, 'IT', 'INGENIERIA EN TELEMATICA', 2, 2, 'APLICACIONES DE ESTRUCTURAS DE DATOS', 'PRESENCIAL', 0, 4, 0, NULL, NULL),
	(50, 'IT', 'INGENIERIA EN TELEMATICA', 2, 2, 'CIRCUITOS LOGICOS', 'PRESENCIAL', 2, 2, 0, NULL, NULL),
	(51, 'IT', 'INGENIERIA EN TELEMATICA', 2, 2, 'ELECTIVA FEI: DISEÑO DE PAGINA WEB', 'PRESENCIAL', 0, 4, 0, NULL, NULL),
	(52, 'IT', 'INGENIERIA EN TELEMATICA', 2, 2, 'ELECTIVA FEI: TOPICOS AVANZADOS DE OFIMATICA', 'PRESENCIAL', 0, 4, 0, NULL, NULL),
	(53, 'IT', 'INGENIERIA EN TELEMATICA', 2, 2, 'INGLES APLICADO III', 'PRESENCIAL', 2, 0, 0, NULL, NULL),
	(54, 'IT', 'INGENIERIA EN TELEMATICA', 2, 2, 'INVESTIGACION I', 'PRESENCIAL', 2, 0, 0, NULL, NULL),
	(55, 'IT', 'INGENIERIA EN TELEMATICA', 3, 2, 'ELECTIVA III:CONTABILIDAD DE COSTO I', 'PRESENCIAL', 4, 0, 0, NULL, NULL),
	(56, 'IT', 'INGENIERIA EN TELEMATICA', 3, 2, 'ELECTIVA III:ESTADISTICA INTRODUCTORIA', 'PRESENCIAL', 4, 0, 0, NULL, NULL),
	(57, 'IT', 'INGENIERIA EN TELEMATICA', 3, 2, 'INVESTIGACION II', 'PRESENCIAL', 2, 0, 0, NULL, NULL),
	(58, 'IT', 'INGENIERIA EN TELEMATICA', 3, 2, 'MEDIO DE TRANSMISION DE DATOS', 'PRESENCIAL', 0, 2, 0, NULL, NULL),
	(59, 'IT', 'INGENIERIA EN TELEMATICA', 3, 2, 'PROGRAMACION VISUAL', 'PRESENCIAL', 2, 4, 0, NULL, NULL),
	(60, 'IT', 'INGENIERIA EN TELEMATICA', 3, 2, 'SISTEMAS TELEMATICOS', 'PRESENCIAL', 4, 2, 0, NULL, NULL),
	(61, 'IT', 'INGENIERIA EN TELEMATICA', 3, 2, 'TECNOLOGIAS DE NIVEL FISICO', 'PRESENCIAL', 4, 0, 0, NULL, NULL),
	(62, 'IT', 'INGENIERIA EN TELEMATICA', 4, 2, 'ELECTIVA VI:COMERCIO ELECTRONICO', 'PRESENCIAL', 2, 2, 0, NULL, NULL),
	(63, 'IT', 'INGENIERIA EN TELEMATICA', 4, 2, 'ELECTIVA VI:EDICION DE VIDEO', 'PRESENCIAL', 2, 2, 0, NULL, NULL),
	(64, 'IT', 'INGENIERIA EN TELEMATICA', 4, 2, 'ELECTIVA VII:CALCULO DE PROBABILIDAD', 'PRESENCIAL', 4, 0, 0, NULL, NULL),
	(65, 'IT', 'INGENIERIA EN TELEMATICA', 4, 2, 'ELECTIVA VII: PROCESOS ALEATORIOS', 'PRESENCIAL', 4, 0, 0, NULL, NULL),
	(66, 'IT', 'INGENIERIA EN TELEMATICA', 4, 2, 'FORMULACION DE PROYECTOS', 'PRESENCIAL', 2, 0, 0, NULL, NULL),
	(67, 'IT', 'INGENIERIA EN TELEMATICA', 4, 2, 'GESTION DE SISTEMAS UNIX', 'PRESENCIAL', 0, 4, 0, NULL, NULL),
	(68, 'IT', 'INGENIERIA EN TELEMATICA', 4, 2, 'OPTATIVA III', 'PRESENCIAL', 0, 0, 0, NULL, NULL),
	(69, 'IT', 'INGENIERIA EN TELEMATICA', 4, 2, 'REDES DE COMPUTADORES', 'PRESENCIAL', 2, 2, 0, NULL, NULL),
	(70, 'IT', 'INGENIERIA EN TELEMATICA', 4, 2, 'SOFTWARE COMO UN SERVICIO', 'PRESENCIAL', 2, 2, 0, NULL, NULL),
	(71, 'IT', 'INGENIERIA EN TELEMATICA', 5, 2, 'ELECTIVA X: ADMINISTRACION DE SERVIDORES', 'PRESENCIAL', 2, 2, 0, NULL, NULL),
	(72, 'IT', 'INGENIERIA EN TELEMATICA', 5, 2, 'ELECTIVA X: DESPLIEGUE DE IPV6', 'PRESENCIAL', 2, 2, 0, NULL, NULL),
	(73, 'IT', 'INGENIERIA EN TELEMATICA', 5, 2, 'PRACTICAS PROFESIONALES', 'PRESENCIAL', 4, 0, 0, NULL, NULL),
	(74, 'IT', 'INGENIERIA EN TELEMATICA', 5, 2, 'SEMINARIO MONOGRAFICO', 'PRESENCIAL', 0, 2, 0, NULL, NULL),
	(75, 'UA', 'TECNICO SUPERIOR EN DESARROLLO WEB', 1, 3, 'FRAMEWORK PARA DISEÑO WEB', 'VIRTUAL', 0, 2, 0, NULL, NULL),
	(76, 'UA', 'TECNICO SUPERIOR EN DESARROLLO WEB', 1, 3, 'PROGRAMACION ESTRUCTURADA II', 'VIRTUAL', 0, 2, 0, NULL, NULL),
	(77, 'UA', 'TECNICO SUPERIOR EN DESARROLLO WEB', 2, 3, 'EMPRENDIMIENTO Y LIDERAZGO AVANZADO I', 'VIRTUAL', 0, 2, 0, NULL, NULL),
	(78, 'UA', 'TECNICO SUPERIOR EN DESARROLLO WEB', 2, 3, 'INVESTIGACION II', 'VIRTUAL', 0, 2, 0, NULL, NULL),
	(79, 'UA', 'TECNICO SUPERIOR EN DESARROLLO WEB', 2, 3, 'PRINCIPIOS DE PROGRAMACION ORIENTADA A OBJETOS', 'VIRTUAL', 0, 2, 0, NULL, NULL),
	(80, 'SE', 'OFERTA OPTATIVAS DE LA FFCCTT', 1, 2, 'INTRODUCCION A LOS SERVICIOS DE INTERNET EN LA NUBE', 'VIRTUAL', 0, 4, 0, NULL, NULL),
	(81, 'SE', 'TS ESTADISTICA DE SALUD', 1, 2, 'INFORMATICA I', 'VIRTUAL', 0, 2, 0, NULL, NULL),
	(82, 'SEI', 'TS ESTADISTICA DE SALUD', 1, 2, 'INFORMATICA I', 'PRESENCIAL', 0, 3, 0, NULL, NULL),
	(83, 'SEI', 'ENFERMERIA', 4, 2, 'COMPUTACION I', 'PRESENCIAL', 0, 2, 0, NULL, NULL),
	(84, 'SEI', 'BIOANALISIS CLINICO', 1, 2, 'OFIMATICA', 'PRESENCIAL', 0, 2, 0, NULL, NULL),
	(85, 'SEI', 'BIOLOGIA', 1, 2, 'OFIMATICA', 'PRESENCIAL', 0, 3, 0, NULL, NULL);
/*!40000 ALTER TABLE `componentes` ENABLE KEYS */;

-- Volcando datos para la tabla planificacion.docentes: ~27 rows (aproximadamente)
/*!40000 ALTER TABLE `docentes` DISABLE KEYS */;
REPLACE INTO `docentes` (`id`, `nombre`, `horas`, `horashorario`, `contratacion`, `verprogreso`, `created_at`, `updated_at`) VALUES
	(1, 'ALVARO ALTAMIRANO', 12, 0, 'DOCENTE', 0, NULL, '2020-03-28 20:38:03'),
	(2, 'ANA SALGADO', 12, 0, 'DOCENTE', 0, NULL, '2020-03-26 16:23:48'),
	(3, 'ARNOLDO CONTRERAS', 12, 0, 'DOCENTE', 0, NULL, '2020-03-26 16:23:49'),
	(4, 'DARCY RUIZ', 4, 0, 'DOCENTE', 0, NULL, '2020-02-05 05:27:39'),
	(6, 'DENIS ESPINOZA', 12, 0, 'DOCENTE', 0, NULL, '2020-04-05 23:58:49'),
	(7, 'DOUGLAS ABARCA', 12, 0, 'DOCENTE', 0, NULL, '2020-04-05 23:58:54'),
	(8, 'FRANCISCO ZEPEDA', 12, 0, 'DOCENTE', 0, NULL, NULL),
	(9, 'JACOB NARVAEZ', 8, 10, 'DOCENTE', 0, NULL, NULL),
	(11, 'JUAN ANTON', 4, 14, 'DOCENTE', 0, NULL, NULL),
	(15, 'MIGUEL BARCENAS', 4, 14, 'DOCENTE', 0, NULL, NULL),
	(16, 'OTON CASTILLO', 12, 0, 'DOCENTE', 0, NULL, NULL),
	(17, 'RINA ARAUZ', 12, 0, 'DOCENTE', 0, NULL, NULL),
	(18, 'VALERIA MEDINA', 12, 0, 'DOCENTE', 0, NULL, NULL),
	(19, 'WILLIAM MARTINEZ', 4, 14, 'DOCENTE', 0, NULL, NULL),
	(20, 'WILMER MATAMOROS', 12, 0, 'DOCENTE', 0, NULL, NULL),
	(21, 'SANTIAGO MOLINA', 12, 0, 'DOCENTE', 0, NULL, NULL),
	(22, 'LUIS DIAZ', 0, 18, 'HORARIO', 0, NULL, NULL),
	(23, 'ERVIN MONTES', 0, 18, 'HORARIO', 0, NULL, NULL),
	(24, 'DAVINIA QUIROZ', 0, 18, 'HORARIO', 0, NULL, NULL),
	(25, 'DAVID MARADIAGA', 0, 18, 'HORARIO', 0, NULL, NULL),
	(26, 'JORGE CENTENO', 4, 0, 'ADMINISTRATIVO', 0, NULL, NULL),
	(27, 'MARVIN SOMARRIBAS', 4, 4, 'ADMINISTRATIVO', 0, NULL, NULL),
	(28, 'ERNESTO ESPINOZA', 4, 0, 'DOCENTE', 0, NULL, NULL),
	(29, 'DENIS BERRIOS', 4, 0, 'ADMINISTRATIVO', 0, NULL, NULL),
	(30, 'JUAN LEYTON', 4, 0, 'ADMINISTRATIVO', 0, NULL, NULL),
	(31, 'DANIEL NARVAEZ', 4, 0, 'ADMINISTRATIVO', 0, NULL, NULL),
	(32, 'NO ASIGNADO', 0, 0, 'DOCENTE', 0, NULL, NULL);
/*!40000 ALTER TABLE `docentes` ENABLE KEYS */;

-- Volcando datos para la tabla planificacion.failed_jobs: ~0 rows (aproximadamente)
/*!40000 ALTER TABLE `failed_jobs` DISABLE KEYS */;
/*!40000 ALTER TABLE `failed_jobs` ENABLE KEYS */;

-- Volcando datos para la tabla planificacion.grupos: ~11 rows (aproximadamente)
/*!40000 ALTER TABLE `grupos` DISABLE KEYS */;
/*!40000 ALTER TABLE `grupos` ENABLE KEYS */;

-- Volcando datos para la tabla planificacion.horarios: ~0 rows (aproximadamente)
/*!40000 ALTER TABLE `horarios` DISABLE KEYS */;
/*!40000 ALTER TABLE `horarios` ENABLE KEYS */;

-- Volcando datos para la tabla planificacion.migrations: ~9 rows (aproximadamente)
/*!40000 ALTER TABLE `migrations` DISABLE KEYS */;
REPLACE INTO `migrations` (`id`, `migration`, `batch`) VALUES
	(1, '2014_10_12_000000_create_users_table', 1),
	(2, '2014_10_12_100000_create_password_resets_table', 1),
	(3, '2019_08_19_000000_create_failed_jobs_table', 1),
	(4, '2020_01_16_191401_create_docentes_table', 1),
	(5, '2020_01_16_191435_create_aulas_table', 1),
	(6, '2020_01_16_191500_create_anyos_table', 1),
	(7, '2020_01_16_191647_create_componentes_table', 1),
	(8, '2020_01_16_191729_create_grupos_table', 1),
	(9, '2020_01_16_191756_create_horarios_table', 1);
/*!40000 ALTER TABLE `migrations` ENABLE KEYS */;

-- Volcando datos para la tabla planificacion.password_resets: ~0 rows (aproximadamente)
/*!40000 ALTER TABLE `password_resets` DISABLE KEYS */;
/*!40000 ALTER TABLE `password_resets` ENABLE KEYS */;

-- Volcando datos para la tabla planificacion.users: ~1 rows (aproximadamente)
/*!40000 ALTER TABLE `users` DISABLE KEYS */;
REPLACE INTO `users` (`id`, `name`, `email`, `email_verified_at`, `password`, `remember_token`, `created_at`, `updated_at`) VALUES
	(1, 'Denis Espinoza', 'denisjev@ct.unanleon.edu.ni', NULL, '$2y$10$T4r6YGrUfIOk9IP4HB2M5ec2x47QZmwgpeupWkCfu4wdATu1q4l9C', NULL, '2020-02-01 01:52:51', '2020-02-01 01:52:51');
/*!40000 ALTER TABLE `users` ENABLE KEYS */;

/*!40101 SET SQL_MODE=IFNULL(@OLD_SQL_MODE, '') */;
/*!40014 SET FOREIGN_KEY_CHECKS=IF(@OLD_FOREIGN_KEY_CHECKS IS NULL, 1, @OLD_FOREIGN_KEY_CHECKS) */;
/*!40101 SET CHARACTER_SET_CLIENT=@OLD_CHARACTER_SET_CLIENT */;
